masa_m,amortiguamiento_c,rigidez_k,fuerza_F,posicion_eq_x
2.327643904,1.350120413,6.177164903,1.963934357,0.317934585
2.487377022,1.57789025,6.125125833,0.531649677,0.086798164
2.805230987,0.874349076,2.978533663,0.845691002,0.283928637
2.473474026,1.847798279,3.871338107,0.926501805,0.239323402
2.137005535,1.048703332,8.321718528,0.852227373,0.102410021
0.600187712,0.672130686,3.682560125,1.738891965,0.47219649
1.113779477,1.647702771,8.749795194,1.329412739,0.151936441
0.583384405,1.064860813,7.422806199,1.546621961,0.208360817
4.520550182,1.432251444,9.435613425,0.51633916,0.054722373
4.188831817,0.165108543,5.645442889,1.479995481,0.262157551
3.893572681,0.631994252,6.42745954,1.833171099,0.285209279
3.394553481,1.593520372,5.420271179,1.105190608,0.203899505
4.44848044,1.445547561,8.438424454,0.516005624,0.061149522
0.93000714,1.13224008,8.705957026,0.896533901,0.102979362
3.989962671,1.312049423,7.525537796,1.841971419,0.244762762
3.95594152,0.493008993,1.389737418,0.730345335,0.525527575
3.732411039,0.344422661,2.987100313,1.180339162,0.395145472
2.593673834,0.27059389,5.560566806,0.614763648,0.110557731
1.249361131,1.520649074,4.011105343,0.957581032,0.238732456
4.184953487,1.965892996,9.720730076,1.364933503,0.140414711
1.55067346,0.654987058,7.063878987,1.360608053,0.192614859
1.398660121,1.920576955,4.025394014,0.724496158,0.179981427
1.977724481,0.314883685,7.947230284,1.688843779,0.212507216
3.141809515,0.25046408,2.736117905,1.663107703,0.607834809
2.090261468,1.694000791,2.204985317,1.547221911,0.701692614
1.356550826,0.853933101,4.050525919,1.884039135,0.465134448
4.272811739,1.2960957,8.789415848,0.824434388,0.093798542
0.792045882,1.388201015,5.816081712,1.27602385,0.219395791
1.650734008,1.720372417,8.40880955,0.524858315,0.062417672
2.636195016,1.893825283,5.127584885,1.77495845,0.346158765
2.909985762,0.924792434,1.219903346,1.256539671,1.030032154
4.444177799,1.825672755,3.566831359,0.699055493,0.195987817
0.500596446,0.70412535,5.770972,1.743764181,0.302161262
3.531125895,1.834727547,7.805277338,0.752768641,0.096443548
4.83807172,0.761705306,6.386388057,1.597087558,0.250076811
4.418673635,0.733458931,5.167384413,0.750330068,0.145205003
2.598751835,0.967103865,2.150400694,1.459895556,0.678894664
4.534197023,0.91211312,2.5826143,0.94234752,0.364881245
0.764322408,0.214328474,1.239939031,1.325701108,1.069166366
3.033728214,0.678731666,7.790597062,1.506654781,0.193394007
4.729272145,1.021793913,5.662790569,1.68380482,0.297345416
3.070257098,1.556340204,9.281494901,0.8154595,0.087858638
3.236513816,0.984877888,6.550299049,0.804638186,0.122839916
3.549202358,0.132899561,3.039467603,1.871699057,0.615798324
3.957953147,1.113294021,1.615421948,0.799376348,0.494840589
0.554079338,1.936486634,8.489806213,1.16796359,0.137572468
4.957229596,1.609140329,5.397500513,0.695883881,0.128927062
1.455091337,1.679109294,3.914086327,1.608151571,0.410862571
1.219427415,1.489794359,1.483247055,1.571584291,1.059556657
1.04781039,1.969685002,6.337883766,0.904314808,0.142684032
2.444016159,1.86797345,5.570967777,0.596147008,0.107009595
3.466000908,0.953426834,2.324516478,1.662842135,0.715349687
2.890677906,0.266998973,9.104146264,1.802226776,0.197956703
0.753349376,1.316106881,9.003381668,1.021584789,0.113466787
3.500237777,0.963475411,5.021910441,0.525546535,0.104650718
4.376379453,1.881862026,5.308966783,1.354747241,0.25518096
4.967580121,0.867855789,2.978571869,1.799744878,0.604230805
3.600603811,0.425791828,1.081213558,0.753615691,0.697009102
1.428744969,1.813082159,7.382259077,0.697895075,0.09453679
2.413421102,1.356748757,3.901447729,1.396155185,0.357855668
1.44791219,0.460274632,2.874839999,1.570018073,0.546123636
1.637133849,0.613028518,5.335816234,0.831010594,0.155741982
2.095988851,1.311694633,7.747788769,1.238632102,0.159869111
3.278249438,0.706960911,3.722491792,0.712684244,0.191453544
4.299540717,0.647493207,9.179490967,0.669813764,0.072968508
3.262372678,0.639417807,5.573188066,1.308312671,0.234751215
0.734677292,0.930456714,2.96856676,1.877508486,0.632462949
3.611538945,0.320257994,4.23660513,0.959083581,0.226380215
1.860116342,1.166746426,8.164890769,1.204923058,0.14757369
4.060267366,0.895661014,7.655767753,1.036284732,0.135360001
4.774199374,1.525278485,1.176197481,1.63275071,1.388160353
4.603105092,0.760732357,1.6415669,1.782632929,1.085933768
0.924590066,1.144178965,9.239726139,1.283017368,0.138858809
0.733844679,0.937727024,7.220703063,0.892066309,0.12354286
4.531583927,0.973453615,3.088171376,0.793914334,0.257082343
4.323622302,1.509056265,6.959938244,0.660632599,0.094919319
4.262778143,0.964339232,6.855669533,1.856633878,0.270817295
0.998175313,1.247276067,1.147442197,0.636815602,0.554987087
4.575522437,1.140476059,6.797856802,0.853815351,0.125600667
3.292581361,0.250066318,6.811759905,0.764449709,0.112224993
3.285161502,1.943615901,7.022741214,0.99771699,0.142069451
2.560491571,0.147403757,5.707941732,1.983787938,0.347548737
3.755136636,0.854194989,6.316568343,1.359769837,0.215270344
2.784534313,0.376538133,3.618538577,1.251716107,0.34591758
1.138414329,0.872128463,6.337928665,1.714069917,0.270446388
2.617695319,1.38083119,7.814616016,0.773149686,0.098936363
3.288376296,1.562861449,4.789776366,1.158483148,0.241865812
2.699510907,0.511982626,8.496211457,1.252315814,0.147396969
0.962292543,0.792283829,8.387218219,0.684265288,0.081584295
3.422114359,1.499586959,7.395984461,0.658002402,0.088967521
4.813720105,0.905016472,6.041020996,0.648174157,0.107295465
2.674029462,0.391887051,3.776228499,0.696374549,0.184410067
2.045833704,1.359814715,5.645823971,1.69500033,0.300221959
3.094680055,0.227060524,3.236341802,1.863019154,0.57565587
4.502788132,1.980631701,3.912899092,1.981130698,0.506307638
3.262391444,1.338954899,6.412114848,1.696691492,0.264607159
3.247009549,0.816753493,2.571819476,0.589871307,0.22935953
1.185586901,0.828495317,1.117754803,1.948060297,1.742833304
1.93184098,1.915646942,1.26063746,1.09576821,0.869217554
1.750145076,0.787520885,8.024079747,1.168496025,0.14562368
0.757905161,0.191189247,5.77733388,1.650152091,0.285625191
3.265831374,1.871622477,8.034190731,1.632354111,0.203175922
1.967977205,1.091764393,6.810213742,1.266857682,0.18602319
3.47945042,0.539488661,9.843123634,0.628879227,0.063890209
2.357052866,1.972040036,5.367329288,1.417808265,0.26415526
0.550492045,1.560247884,7.674035884,0.826020123,0.107638293
2.287946288,0.598871359,1.707747577,0.830179615,0.486125483
2.682432555,1.079062849,8.551082506,1.1197281,0.130945772
2.309790076,1.910105158,4.015883583,0.700625303,0.174463549
3.629463994,1.853269501,5.387721751,1.258538673,0.233593851
0.520815923,0.458090622,8.016754995,1.416238925,0.176659874
4.066055872,1.692010853,7.186225595,0.62215115,0.086575511
4.127632561,0.356076291,6.129229141,1.362037259,0.222219993
0.572462379,1.8761738,6.533020239,1.502862335,0.230040973
2.39797764,1.43525763,5.236269723,1.1133394,0.212620713
4.948862084,1.021976406,2.055364653,1.787128874,0.869494798
2.038891066,0.701120355,4.397744316,1.804822495,0.410397323
2.891449707,0.147795467,3.235197228,1.585520726,0.49008472
2.445715302,0.596756107,2.70468156,0.821717021,0.303812853
2.727025618,0.162701581,4.353618347,1.035015009,0.237736734
1.736179424,0.602357954,7.700638409,0.697525626,0.090580234
4.113878014,0.678365814,4.085615875,1.489011776,0.36445222
0.675340194,1.567071394,7.210761213,1.890868168,0.262228649
0.779083631,1.406186578,7.531253978,1.769794105,0.234993284
2.992100333,1.700553815,1.44026999,1.638206666,1.137430258
3.541999434,1.761415279,3.978489121,1.277749504,0.321164509
2.542753426,0.441055828,8.626595115,0.569638962,0.066032885
2.856182324,0.542136896,9.129465136,1.311885448,0.143697953
0.944082381,1.7284589,1.384641723,0.713062623,0.514979876
1.478739424,1.577177942,4.218453563,0.537985667,0.12753149
4.252008241,0.790075845,8.097056228,1.819489495,0.224709999
3.544285284,1.135963718,9.089999681,0.649240207,0.071423568
0.909226813,0.165054732,3.917568054,0.749098638,0.19121522
4.991353677,0.889421882,7.78900046,1.539970246,0.197710894
3.96789805,1.833294159,3.796117913,0.807075603,0.212605515
0.827954681,1.215681304,5.88237959,1.466128728,0.249240755
3.191023668,0.955037491,2.462951624,1.647381101,0.668864579
4.924851496,0.371978245,8.449330379,1.821699202,0.21560279
0.817026249,1.007944158,7.648793149,1.600605363,0.209262472
4.173103748,1.113612116,6.047500568,1.019789136,0.168629854
2.978400413,0.140095147,7.630940917,1.750957608,0.229455008
4.263438468,0.162928699,9.209551094,0.642387767,0.069752343
4.329086039,1.092179657,1.147298101,0.693765735,0.60469527
3.169286173,1.471396002,1.333226995,0.764254011,0.573236226
1.545964867,1.458524307,7.935274497,1.384069223,0.174419829
4.428224543,0.962583648,9.855361414,0.889942125,0.090300303
3.608011141,1.233813224,3.513960093,0.918814869,0.261475613
3.576954699,1.64143404,1.686170985,1.054059041,0.625119902
4.128066884,1.92082888,9.94361358,1.138358402,0.11448136
2.449188461,0.743046577,5.092010569,1.65496291,0.32501168
3.900651264,1.985548473,2.827660658,1.063125457,0.375973494
3.689015794,0.410646099,3.915658475,1.713518374,0.437606697
1.48530604,0.723937369,5.157983837,1.02849525,0.199398696
0.830928024,1.05986683,3.467799718,1.351453157,0.389714882
0.623800003,1.266062791,4.81250767,1.467943579,0.305026751
1.8775313,0.652490706,4.874638964,1.325411355,0.271899389
1.051074705,0.347807589,3.059093781,0.6603851,0.215876056
0.918667307,0.458288521,7.151459569,1.312223883,0.183490359
2.846331148,1.889451494,6.737511128,1.577836332,0.234186824
2.409987137,0.571879414,9.423885542,1.703192603,0.180731461
3.927352198,0.217330396,9.159884201,1.483442186,0.161949884
4.765773579,1.135959667,3.747869065,0.632773976,0.168835668
2.396905312,0.798313398,8.672757316,1.975885967,0.227826733
0.74233904,0.778556821,9.991603379,1.122526041,0.112346938
2.212915914,0.298701163,6.306510021,0.719480951,0.114085437
2.194590718,1.879069697,7.30332587,0.864401211,0.118357201
3.839537296,0.720611733,4.329634449,1.239191069,0.286211477
1.402782859,0.646377906,3.633337646,1.144765415,0.315072676
2.65150764,1.870648025,8.526067625,0.934963524,0.109659407
4.811337515,1.473791835,8.783270756,1.284874766,0.146286594
0.737459165,1.924029178,7.049872317,0.598200134,0.08485262
4.90611265,0.660205558,9.549179617,0.7601298,0.079601582
0.504070695,1.769065332,8.654830789,1.004613494,0.116075463
0.942485465,1.293426297,4.603750271,1.892078646,0.410986377
4.462725468,1.276253628,9.045466854,0.813579953,0.08994339
1.66233989,0.107837263,1.814074206,1.393730035,0.768287223
1.846907273,1.573324214,6.781509326,0.769319805,0.113443744
1.775030609,0.358124187,6.071459555,0.716384318,0.117992109
4.352240397,0.157776025,8.652914764,0.849200734,0.098140425
3.897214107,0.207141822,7.368817633,0.776181728,0.10533328
4.97571152,1.081729436,5.843359122,0.907270993,0.155265315
2.202156412,1.073078488,5.638766907,1.203400518,0.213415546
1.193752212,0.508739553,6.806555407,1.409208749,0.207036991
1.320553062,1.748613767,5.749462941,1.961806444,0.3412156
1.784681678,1.903253902,6.468447795,1.664731711,0.257361853
0.785668821,1.223198337,9.097817799,1.264681991,0.139009378
2.897756535,1.617293709,6.895863805,1.194586739,0.173232357
3.007926715,1.511763923,5.628895097,0.681173538,0.12101372
1.706390017,1.857232124,6.304575757,1.308835128,0.207600825
4.717693691,0.585695021,9.207100824,1.335674209,0.14507001
3.824081991,1.400209604,2.257353055,1.960232873,0.868376734
2.410428957,0.244802127,1.971335694,1.958361973,0.993418817
3.066590027,1.019267278,6.804907777,0.827306564,0.121574985
3.627063142,0.566938031,6.702571576,1.940205711,0.289471838
3.768898933,1.942350763,7.859268088,1.287643761,0.163837618
2.510556101,1.312887752,3.764240084,1.165108892,0.309520346
3.493714754,1.662326631,3.871191801,1.485567556,0.383749406
2.774315334,0.399147459,3.745688981,0.657651932,0.175575691
4.417798184,1.390006264,8.441877006,1.919103986,0.227331432
3.337717605,1.075464215,6.003954731,1.981146455,0.329973583
3.321056791,1.71883225,5.412255596,0.529938133,0.097914469
1.597241284,1.145142622,1.914103144,1.211468125,0.632916846
1.285390256,0.718227951,1.993476822,1.142354766,0.573046425
3.735457715,1.558471515,9.344666823,1.635431074,0.17501224
1.996241947,1.773063068,5.730487629,0.901010429,0.157231022
1.256975691,0.185521255,2.536974411,1.888663119,0.744454934
0.98880614,1.68488375,2.366335115,1.783814174,0.753829905
3.193553875,0.475759694,8.177774679,1.681078477,0.20556674
0.930132875,0.425750786,6.425308873,0.987647724,0.153712101
1.702781924,1.599669528,6.549520985,1.529696308,0.233558502
3.638449855,1.870839129,2.081692787,1.410329324,0.677491575
2.704404424,1.106432623,2.996822182,1.622271349,0.541330533
1.661692565,0.478316556,8.843710355,0.540778252,0.061148345
0.663530961,0.932187967,1.591188653,1.969079636,1.237489742
3.330050288,1.347023358,3.951154468,1.213249795,0.307062102
0.573088207,0.480053477,8.726452593,0.601310157,0.068906598
1.898368522,1.670583192,6.506815731,1.87190056,0.287683045
4.478496972,0.566094764,9.623817163,1.17844505,0.122450898
4.498511648,0.983215748,6.266992252,0.517518518,0.082578452
3.777959258,0.889070668,2.067737366,1.394384624,0.674352868
0.521095368,1.88496408,7.222708347,0.907697116,0.12567268
3.891817991,1.350830657,3.553391133,1.303421762,0.366810664
0.770972325,1.387111822,9.305947926,1.199958015,0.128945275
2.159645754,1.843048466,1.104157326,1.893852803,1.715201954
3.620378932,1.660350347,8.719632014,0.665865335,0.076363926
3.672497319,1.148166219,5.685650114,0.970597625,0.170710052
1.226367141,0.707482778,7.03959939,1.285926193,0.182670365
3.235102074,1.544598381,2.474762776,1.241542541,0.501681435
3.94109614,0.671541803,8.549790525,1.519711426,0.177748381
1.978075308,1.122700965,8.540352326,0.864465326,0.101221272
0.587678252,1.254209442,5.849137324,0.839524219,0.143529579
4.639734555,1.878390921,5.397665802,1.546441757,0.286501946
2.824635415,0.641943737,1.085054364,0.939424573,0.865785719
3.49918028,0.394675502,3.030198448,1.816433042,0.599443592
3.225774023,1.328946237,1.622645915,0.82781847,0.510165812
4.00997425,1.295247145,1.635547808,1.485827863,0.908458839
2.838467462,1.900306313,1.187656037,1.593076759,1.341362069
2.293330371,1.405767961,1.657783588,1.637068345,0.987504254
0.72825166,1.32057915,5.506974145,1.295134662,0.235180814
3.822131872,0.621680064,3.142320849,1.639914669,0.521880084
4.820424983,0.415792085,4.407345024,0.645203571,0.146392798
4.705530755,1.625540145,7.571847956,1.69207011,0.22346858
3.081063299,0.787211281,2.452002923,1.829555878,0.746147511
4.558994107,1.541306067,4.256129135,1.244337322,0.29236362
3.464084686,0.649036888,2.28751436,0.962199685,0.420631101
2.063485848,0.36512308,2.946146768,1.333732531,0.452704035
0.730326828,0.892969995,7.404221467,1.818909553,0.245658448
3.206657478,0.983446891,8.33878579,0.983187367,0.117905339
2.193752465,0.362229863,6.882331483,0.53823796,0.078205759
1.551588557,1.959686029,9.487192997,1.971595781,0.207816557
0.801337846,0.470989184,4.810653652,1.305614643,0.271400674
2.584747171,1.289227851,5.523034598,1.687665574,0.305568532
3.696583652,1.181869264,2.413889003,1.43840504,0.595886985
4.666249957,1.968074539,7.508562186,0.781337651,0.104059557
4.370592763,0.345213804,7.691244498,0.571817666,0.074346572
3.423647479,0.213120528,9.277862025,0.757586788,0.08165532
0.896208879,0.678631312,7.044356349,0.806664955,0.11451223
4.886643518,0.17516337,5.426119598,1.461399444,0.269326803
2.322572611,0.208455721,6.673032954,0.821871838,0.123163162
3.333692365,0.849665777,8.164969278,1.818555413,0.222726547
4.010347051,1.434716933,4.78605004,1.465783747,0.306261684
0.852390472,0.823424945,4.939203013,1.110427162,0.224819097
1.732037848,0.539566951,7.641081545,1.819100053,0.238068399
3.976196083,0.168082496,5.988846964,1.382261736,0.230805987
1.607848299,0.8569339,8.261018233,0.952753405,0.115331231
2.703354759,1.584445576,5.049792772,1.749860613,0.346521272
3.545035632,0.264595221,9.826466273,1.349642628,0.137347709
1.434557255,0.281656469,1.562693205,0.538673027,0.344708114
2.003571239,1.157932539,8.613454787,1.440131333,0.167195553
3.199386245,0.500208683,3.285233486,1.477960567,0.449879917
1.980125469,1.094030505,2.122449025,1.179044428,0.555511305
4.966681373,0.858534769,1.557205451,0.939441884,0.603287051
2.985223213,1.506241831,3.865640472,1.240787263,0.320978444
3.329008888,1.530977971,7.244985972,0.705320801,0.097352956
4.581329471,0.819865518,5.766599884,1.982922502,0.343863376
4.811941911,1.653527545,4.815059236,1.7269648,0.358659098
2.50023149,0.82249466,7.365116522,0.858374179,0.116545906
1.290943007,0.552478858,3.552324568,0.560973071,0.157917178
2.981375078,1.890748067,8.090529474,0.862148333,0.106562659
3.631889964,0.128989268,7.916927561,0.997839036,0.126038672
1.950485423,1.554330861,4.457484741,0.827940081,0.18574154
3.03494937,0.519203318,2.46373349,1.099460075,0.446257714
0.591777235,0.904213248,1.029459699,0.567290043,0.551056096
1.351058518,0.482539031,6.403146581,0.847583687,0.132369871
3.049465459,1.146424376,4.042056645,1.98488526,0.49105825
1.167616627,1.717446568,8.084620095,1.286451466,0.159123305
0.58477533,0.600558259,9.987307511,1.565810927,0.156780086
1.481406507,1.319064106,2.089614235,1.33502201,0.638884435
4.045856929,0.887553658,1.752979655,1.380660081,0.78760759
3.376699088,0.33779399,8.787355103,1.231676428,0.140164636
1.742080184,0.691796108,6.999100361,1.250147118,0.178615401
2.498623347,0.718606768,6.093313207,0.522834073,0.085804562
2.987750964,1.878066009,5.335950714,0.992713477,0.186042475
4.11386759,0.372584574,1.707604764,1.168111889,0.684064552
2.594796513,1.499689412,7.291334838,1.29963549,0.178243836
1.428454312,0.398237766,4.620155678,1.156363803,0.250286762
4.88778561,1.860813966,3.772577366,1.793873902,0.475503543
3.021022766,1.133908335,8.580516387,1.681956304,0.196020406
2.913670436,0.103477729,4.3313722,1.154181204,0.266470105
3.349411272,0.378877053,6.088303299,1.104675287,0.181442223
0.742918138,0.358370968,4.514586877,1.186333347,0.262777831
1.99359978,1.72893206,6.464402339,0.795677499,0.123086011
1.145844908,1.558021907,6.874507986,1.013419821,0.147417069
0.754749683,0.898687035,5.147774226,1.303253965,0.253168439
4.227902627,1.996903175,4.441649129,0.785119973,0.176763168
4.965761002,1.391879926,9.414064212,1.454615263,0.15451512
3.419170799,0.826962264,1.250862454,1.389599563,1.110913161
3.790873534,1.340936158,1.557654361,0.729561184,0.468371676
3.900442065,1.042083115,4.459321712,0.932476733,0.209107302
1.33864909,1.899941397,4.582507512,0.708727522,0.154659326
2.936176978,0.157981151,5.936050395,1.094882926,0.184446366
3.924255268,0.409290706,5.212901085,1.390466988,0.266735732
0.884004696,1.044567443,7.992088823,0.700726884,0.087677565
3.650877208,1.678389117,5.618330505,0.507220715,0.090279615
2.105203637,1.948741283,2.301918656,1.662148614,0.72207096
2.124406845,0.634998487,5.89068554,1.110857889,0.188578711
4.641367371,0.778108686,2.012583099,0.882625846,0.43855374
1.200547049,1.644910672,6.66674945,1.489061463,0.223356446
3.48852922,1.13982635,3.573541405,0.645969736,0.180764587
4.240482888,0.698538829,6.389052096,1.203151544,0.188314561
3.461951025,0.595899802,3.560773981,1.536584954,0.431531168
4.880653651,0.636860486,8.685937113,1.851991972,0.21321729
4.269893729,1.529331509,3.332181521,1.920707734,0.576411495
4.312095431,1.700511921,7.994407092,1.210632995,0.151434995
4.33024487,1.865450403,1.218192819,1.593630958,1.308192704
2.598438789,1.223268154,9.860479412,1.770511237,0.179556304
4.895137509,0.755224898,3.496269253,0.974610863,0.278757382
2.014199728,1.141389828,3.566851668,1.873788867,0.525334116
3.518074837,1.592433234,2.647048413,0.711328771,0.268725259
0.750850926,1.274909631,6.309472504,1.062554058,0.168406163
0.601782012,0.402577244,5.560955912,1.680758089,0.302242657
3.929169155,1.875217081,8.156619624,1.181392086,0.144838443
2.049794076,0.352433626,6.051103762,0.811422871,0.134095019
1.031029977,1.558543861,5.115297545,1.588764654,0.310590858
0.980265063,0.934368216,6.016492086,1.783375524,0.296414505
4.603682097,0.767527573,4.351261933,0.653353193,0.150152577
3.459169358,0.515738731,8.797881841,1.090107334,0.123905657
2.54248246,0.445332142,1.606946763,1.676830076,1.043488257
4.108401423,0.980496014,8.671803662,1.43847199,0.165879216
1.312209495,0.157133398,2.16800642,0.973409144,0.448988128
3.791905601,1.568662603,2.33711889,1.693699375,0.724695428
1.244053749,1.46249554,1.707011509,1.090798971,0.639010906
4.171234745,1.106953016,9.526208062,0.975021151,0.102351444
3.101744331,0.461435283,4.530350015,1.998134425,0.441055199
2.046597034,1.826284557,7.278997069,0.544655355,0.074825604
2.66574705,1.386120325,4.622346737,0.731136551,0.15817432
3.025255452,1.903718441,9.633658813,1.984911199,0.206039184
4.262062259,1.342752071,8.82255645,1.795657105,0.203530248
3.928660819,0.414008528,1.715267412,1.263341869,0.736527646
0.918681182,0.931932345,3.80774333,1.068726313,0.280671836
4.980165652,1.752035236,9.531159038,0.881457263,0.092481645
0.718212346,1.680493521,7.198530205,1.394032838,0.193655204
1.466329058,1.116821638,1.501800014,1.146573958,0.763466472
1.35832205,0.722773374,9.438913704,1.771050516,0.187632875
1.656426379,0.816690515,7.601629013,1.673336205,0.220128633
0.552366763,0.521241681,1.603646184,1.558481208,0.971836072
4.441703779,0.627216289,7.235237052,0.708520296,0.097926342
2.186460531,1.688167884,7.261734965,1.542349109,0.212394024
4.340128045,0.659717623,6.858711865,0.94794181,0.13820989
4.7510487,1.583499127,8.425163559,1.604277166,0.190414958
4.07152654,0.869799288,2.175507118,0.739334607,0.33984472
4.174897563,0.158052849,5.895923114,1.735245704,0.294312811
4.767786635,0.974510148,1.625502743,1.283599283,0.789662945
1.381357568,0.66755179,9.781435956,0.747974067,0.076468738
3.998074904,0.748618776,5.266925666,0.650355013,0.123479057
0.770817634,1.737268598,1.637844509,1.824193445,1.11377694
2.272279949,0.936096084,4.156588345,0.548526382,0.13196553
3.765047049,0.771630499,6.769543734,1.657383568,0.244829435
3.546862612,1.023157725,8.309162177,0.613995072,0.07389374
0.62749784,0.92366334,2.291302452,1.712055599,0.747197559
0.507896391,0.282820922,4.795075225,0.85267097,0.17782223
4.803355281,0.805825749,5.421880674,0.901263825,0.16622716
3.093261507,1.088086122,9.809821726,1.49111094,0.152001839
4.308090564,0.265572832,4.805882383,0.562109732,0.116962857
3.20959371,1.489748242,7.143658238,0.59154792,0.082807422
3.544262991,0.68344265,4.134641955,1.589749361,0.384495049
0.981913995,0.579748207,4.950376145,1.380769597,0.278922158
1.881529556,0.927391122,3.793027387,1.873953072,0.494052081
3.462888382,0.436122435,6.805935412,0.552939093,0.081243659
4.021729659,0.103427572,4.460637956,1.508700586,0.338225294
0.677707701,0.926042671,2.569426661,1.374817204,0.535067696
1.359661073,0.828914818,8.939618025,0.502762041,0.056239768
3.560915426,0.636777756,8.39267769,0.941164147,0.112141105
2.255451306,1.907053538,8.517291492,1.835325007,0.215482235
4.696650488,0.345785172,4.13457604,1.57041554,0.379825047
3.313171396,1.683875607,2.984535,0.978980793,0.328017863
1.487237314,0.153267145,7.121888041,0.929223406,0.130474307
0.638558501,0.64045676,2.01874401,0.607435138,0.300897556
3.114569092,0.120825944,8.591511684,0.599092686,0.069730765
2.678436672,0.408565156,4.797623822,1.794589974,0.374058084
3.453845542,1.928699734,4.561840317,1.117894358,0.245053373
4.006692272,1.813897551,7.023804243,0.757063447,0.107785385
1.939021054,0.615291198,3.077175122,1.553737927,0.504923466
1.892616979,1.950351907,8.761924645,1.429659684,0.163167311
4.457510786,0.683516839,6.635762059,1.450974835,0.218659865
1.855388496,1.207612386,1.969086117,1.697612747,0.862132302
4.438115631,1.330572396,1.495622799,1.907842872,1.275617672
0.760826267,0.573375458,4.376061014,1.120293932,0.256005099
1.243328992,1.889750329,2.152390205,1.633083246,0.758730105
3.380699418,0.68256938,2.041469997,1.933322549,0.947024718
4.208665838,0.389175036,4.536012428,1.194144143,0.263258569
3.820182132,1.763741764,9.764581524,1.585815808,0.162404892
3.303115497,1.699976299,4.402377977,1.848022628,0.419778274
4.049423861,1.826716325,4.792691855,0.605880158,0.126417507
4.58385182,1.264203694,7.753043582,1.370605018,0.176782834
4.975350904,0.415148086,7.379406241,0.750054314,0.101641553
0.856989063,1.304746587,5.963326701,1.658410447,0.278101558
0.746971321,0.188620647,6.242589033,1.642617128,0.263130749
1.333671656,1.118332439,6.163267137,1.407408301,0.228354259
0.683562109,0.613233308,2.610539386,1.291592292,0.494760699
3.807838734,1.843502863,1.275385993,1.736327102,1.361413025
4.313273941,0.992307758,4.332868531,0.613455028,0.141581731
1.264806823,1.376732764,6.311163199,1.501682477,0.237940682
2.526168455,1.604694178,5.102183359,1.841697609,0.360962647
0.826504302,1.307326981,8.277595475,0.981647486,0.118590899
2.912322468,1.74555192,5.807945247,1.690418201,0.29105271
3.13804928,1.774863313,4.988586807,0.639745848,0.128241899
4.682732934,0.895287663,5.740322987,1.536415393,0.267653126
0.745957957,0.746778186,8.135098441,0.509817666,0.062668899
0.743908599,0.620740134,4.217309284,1.671585023,0.39636292
1.349802431,0.872311236,7.245592125,1.744220671,0.24072852
2.957788723,1.83344443,9.258657859,1.427813001,0.154213821
4.597122407,1.798336173,4.107635428,1.994578017,0.485578151
4.506192349,0.791250011,8.046069154,0.992485279,0.123350329
1.205183658,1.505018788,6.6856303,1.399855456,0.20938272
1.582528919,0.636458837,8.188630465,1.38041742,0.168577325
1.857887493,0.662612256,3.026848865,1.258162643,0.415667481
3.04266484,0.23090211,2.475127684,1.26577817,0.511399141
2.936926657,1.069068251,2.097249471,0.733624304,0.34980307
2.341158865,1.417941339,8.026945254,1.454545055,0.181207796
3.118123255,1.951993682,5.766744121,0.932556246,0.161712784
1.382939159,0.509208629,4.938970674,1.350424581,0.273422272
4.620125684,0.70058508,3.52920782,1.428348263,0.404722061
1.492001657,0.426833144,1.147758105,1.274500567,1.11042611
0.510872772,1.156404644,6.001608354,0.610598333,0.101739117
2.286091541,1.567187782,6.15281967,1.104603702,0.179528047
2.854949018,0.845723427,1.603225955,1.66777833,1.040264053
3.939394523,1.180206473,6.530163761,1.383305585,0.211833215
3.274828557,0.555576908,8.119753314,1.558470055,0.191935641
3.820443498,0.362993767,1.049412359,1.607776356,1.532073014
4.148540079,1.172970881,1.501138192,0.984644609,0.655932022
4.701266164,1.720239907,7.180954316,0.750856591,0.104562229
3.558489323,0.251180837,6.04903388,1.188562734,0.196488027
3.492803818,0.924817441,1.276325883,1.163613009,0.911689581
2.601799291,0.119730302,6.341952756,0.952446425,0.150181886
4.216703491,1.84024304,3.406177201,0.944025531,0.277151033
0.916131343,1.479080443,7.45714247,1.431302144,0.191937079
2.192517671,1.298276031,5.655580764,1.475309359,0.260859038
4.420644021,0.728936453,6.017903998,0.54292088,0.090217604
1.493894809,1.592618037,3.618137302,0.585775019,0.16189961
3.645053699,1.312832867,6.829382893,1.823904599,0.267067263
1.238317332,1.366670006,4.448806026,1.539841599,0.346124688
1.868779132,1.334301155,4.235817163,1.869301642,0.441308387
2.249476229,1.38824153,7.773973997,0.799090771,0.102790512
3.552426479,1.602901405,7.535910759,0.762794538,0.101221281
0.964472409,1.653336303,9.82086405,1.627526041,0.165721268
4.593833803,1.256178489,5.132812317,0.568870268,0.110830132
3.198505179,1.584705477,8.362471279,0.834623572,0.099805852
3.798065569,1.387362273,9.748883296,1.117400528,0.11461831
0.730520989,0.699014036,3.832827241,1.239104859,0.323287428
0.750337832,0.280467313,3.151704501,1.673653901,0.531031352
4.409736836,1.285569699,3.992710363,0.906871911,0.227131905
0.643882867,1.751731674,3.228820875,1.978132711,0.612648638
1.074138725,1.112611554,4.407371056,1.675657545,0.380194343
4.613406495,0.78613678,9.199396721,0.678682581,0.073774683
0.656724606,1.818562785,9.376667906,1.384994296,0.147706446
0.754016314,1.776103055,8.645640325,1.353109582,0.156507735
2.572634865,0.228449497,4.448918271,1.610603487,0.36202137
2.850473797,1.043842598,8.471789093,0.525164319,0.061989777
1.688263558,0.369612138,1.296734969,0.933970736,0.720247975
4.522397758,0.409898502,9.900808032,0.696953572,0.070393605
2.602848098,0.803302765,6.918054699,1.810347383,0.261684456
1.826940042,0.618367586,1.728019051,0.779518744,0.451105411
3.920042087,1.828257136,6.801606125,1.276173959,0.187628324
3.657177718,0.185640979,9.012262341,1.50892964,0.167430728
1.241928529,1.054872518,5.786375045,1.436003808,0.248169847
4.840558238,1.181430969,6.19904758,1.906231678,0.30750396
0.777020958,1.35209361,1.894582933,1.413003298,0.745812323
4.119585273,0.161399205,5.697396563,0.946471926,0.166123582
3.472916749,1.235662977,1.553939891,1.836745718,1.181992771
4.790003591,0.443664792,1.661907231,1.982047611,1.192634327
2.425576858,1.542066564,9.308494371,1.808173623,0.194249849
4.835140755,0.663844556,7.390348279,1.851646681,0.250549313
4.433903041,1.674342499,1.3168848,1.85920371,1.411819553
3.32569627,1.187932547,7.643682658,1.262332295,0.165147135
4.391719692,0.366452902,6.914223607,1.389490638,0.200961195
2.810149828,0.564777838,9.761550628,1.87432145,0.192010626
3.434042977,0.309953504,5.63163827,1.221578899,0.216913594
0.80677343,0.838801974,8.246828943,1.679983456,0.203712659
1.039897525,0.882755147,8.182600846,0.879080091,0.107432845
3.143657021,0.169793513,7.134671139,1.740229887,0.243911717
3.649597841,0.768366792,5.402326673,0.926190534,0.171442897
1.696867449,1.55336027,6.259413975,1.307834693,0.20893884
4.95803651,1.561400172,6.2748827,1.686279888,0.268734886
2.970161854,0.245197869,5.268848812,1.774591244,0.336808154
2.313857133,0.549915383,5.873396879,1.053360804,0.179344394
3.913346823,1.5611702,4.116775357,1.951179373,0.473958184
2.101132041,0.467069441,1.819502873,0.969852235,0.533031439
4.812547067,1.313082134,2.873260091,0.999683231,0.347926467
2.043570602,1.800201585,5.537440388,1.343335157,0.242591353
4.052050471,0.766763797,2.981620242,1.734248271,0.581646263
0.842188739,0.256152788,3.787445371,1.783243372,0.470830123
2.634338019,0.716050564,5.14039434,1.511261913,0.293997272
3.083278415,1.701367948,1.682393747,0.889774834,0.528874311
3.594015801,0.92174862,3.913538259,0.569108069,0.145420341
1.896588916,0.910583192,6.540146902,0.864521982,0.132186936
4.301224699,1.777315037,9.354305216,1.343950631,0.143671882
1.863435582,1.563278948,5.564981777,1.418877739,0.254965388
3.589593882,0.25942034,7.426969762,0.947568454,0.1275848
1.549361202,0.703143892,3.538164854,0.875845596,0.247542337
1.055950895,1.369473841,3.505516859,0.871352501,0.248566056
3.059453637,0.197560685,8.408492868,0.55541817,0.066054426
1.702268243,0.674160749,6.960740874,1.438636212,0.206678605
3.705533019,0.624085711,9.964763329,0.950669434,0.095403112
2.755694142,0.351412493,9.078039101,0.856912251,0.094393981
0.801905476,0.794685341,9.901050076,0.818036832,0.08262122
1.793905864,1.058719696,6.675115006,1.089774952,0.163259352
3.559822349,0.347063704,1.632143662,0.568075504,0.348054842
2.992675814,1.792550755,6.27214363,1.297318914,0.206838202
3.398180819,0.874262677,3.35237223,1.413815416,0.42173581
3.347538365,1.542618017,3.105046704,0.933088009,0.300506916
0.602140254,0.653730598,4.186743522,1.474445467,0.35217
3.234207653,1.536719055,8.959271964,1.843254037,0.205737034
0.851342454,1.099155158,1.406308829,1.694918912,1.205225252
1.916740004,0.547463949,3.40693815,0.713575736,0.20944781
1.37233437,1.683432566,7.705938381,1.615781806,0.209680084
1.696740437,0.315494819,1.440826415,0.914179367,0.634482653
3.458118477,1.290731874,6.166972159,0.800537515,0.129810464
2.342183196,0.640196069,8.506744346,1.636027522,0.192321228
4.396585494,0.892175873,7.682621661,0.604903231,0.078736564
4.813042739,1.405662419,3.340274178,1.603438665,0.480032051
2.653782778,1.755612364,3.902973976,1.341534928,0.343721208
1.606325166,0.355527977,3.138503613,1.045509398,0.333123528
3.596398304,0.174137073,7.198605859,0.891226523,0.123805434
4.354651977,1.137617108,5.144488394,0.72899891,0.141704841
1.651048469,0.844127031,9.681458604,1.279135825,0.132122222
1.043977348,1.838299905,5.109465895,1.857024147,0.363447802
1.813551159,1.586158782,1.50316233,0.819565696,0.545227671
3.9944482,1.423939288,9.170944446,1.413324097,0.154108893
2.950505542,1.530923713,8.895331964,1.840660417,0.206924309
4.351241527,1.39816413,4.6685301,0.571782937,0.122476009
1.572924823,0.126522452,4.435299403,1.86068445,0.419517214
1.866180341,1.747926818,2.324554123,0.964868901,0.415076978
2.382098121,0.499333834,7.90709381,0.863818587,0.109246027
4.487635668,0.665331971,2.716101582,1.586179231,0.58399113
4.805646658,1.812787356,7.305260035,1.720208085,0.235475271
4.398911121,1.787604994,3.07406171,1.439713303,0.468342356
1.59774016,0.941092234,8.045070244,1.573744005,0.195615943
1.60085032,1.501881355,9.170306809,1.763348716,0.192288955
4.871597994,0.371433034,8.712207977,1.643077677,0.188594864
3.921176985,0.972894426,4.45675618,0.661143023,0.14834624
2.549623142,0.379768385,3.642323938,1.070626238,0.293940423
4.660459162,0.46758898,6.89545485,1.09134304,0.158269913
1.370687155,0.16029717,8.216400506,0.969987988,0.118055101
3.861240616,1.222205123,3.667857949,1.723254863,0.469825955
4.516306292,1.220207267,8.336696377,1.332691654,0.159858485
4.165583024,0.172872439,8.63636886,0.671728788,0.077779076
1.180284182,1.483265534,2.817766249,1.607012684,0.570314406
4.402270496,0.497174052,7.558837998,1.419949963,0.187852943
2.808374812,1.922737011,2.659991935,0.801106556,0.301168791
3.466043112,1.504299707,4.369310631,1.964119548,0.449526187
0.65845067,0.723668328,6.85863406,0.559025517,0.08150683
1.110299065,0.553604793,8.73423516,1.871717415,0.214296659
0.534234245,0.56774496,6.487567272,1.976770373,0.30470133
4.906900355,1.276469811,9.534861716,1.060641135,0.111238229
1.524044189,1.17954825,6.040731447,0.921653781,0.152573209
4.424896016,1.706709548,6.8318084,1.585502796,0.23207659
1.700331123,0.331782953,2.357674703,1.501858894,0.637008529
2.014477644,1.273601972,7.977930549,1.59940442,0.200478609
3.813276012,0.213811229,3.043455501,1.199419204,0.394097828
4.545310644,1.13405721,1.514232685,1.691738992,1.117225251
3.986820997,1.067140297,1.231766196,1.963291291,1.593883074
1.590657886,1.811922367,5.035454047,0.594190891,0.118001452
0.946666074,0.800146497,5.621775618,1.070107052,0.190350367
0.507634718,1.463395991,4.105683674,1.48458023,0.361591478
1.262007477,1.280186593,4.821501476,1.515625201,0.31434714
1.304645836,1.786165711,2.439411256,0.646768323,0.265132958
3.926475135,1.798744689,3.229545282,1.39584989,0.432212515
0.844777833,0.606440323,8.61695269,1.52608461,0.177102587
2.693387265,0.777888535,2.920010896,0.843257512,0.288785741
3.941519218,0.852672746,8.403933229,1.28754187,0.153207056
0.962325246,0.191926827,9.449925488,1.422103072,0.150488284
4.963538116,1.005877946,9.843918105,1.358099977,0.137963356
1.546236406,0.322332843,2.173387614,1.612736156,0.74203798
1.12240969,0.455588974,4.568281533,1.003993252,0.21977482
2.564231122,0.295539327,2.534208647,1.462097958,0.576944586
4.044571196,0.807483402,3.759373055,1.846456832,0.491160841
3.759770556,0.872736488,2.677267151,0.577376357,0.215658851
4.747838017,0.899178076,6.365298023,1.270316283,0.199569019
4.53122374,0.453082053,1.841515395,0.584833798,0.317582899
0.714365416,1.397167205,5.279546333,1.89052117,0.358084019
2.35113349,1.753010938,7.390001593,1.913550099,0.258937711
2.660770678,0.92576126,5.608652934,1.286734948,0.229419606
2.610729648,1.921231404,8.704885293,0.958301191,0.110087745
3.741450791,1.7237747,3.769214771,0.735204144,0.195054988
0.846979645,1.521373405,5.807916027,1.180878851,0.203322301
4.065920979,0.515675701,3.758587521,1.597306238,0.424975135
2.569666836,0.869581482,3.265167422,1.371717096,0.420106205
4.137473466,0.195824014,2.338717476,1.237115031,0.52897156
4.512625899,0.694738842,3.545435497,0.597068163,0.168404746
0.772317967,1.2002646,8.532666916,1.021090145,0.119668347
2.067930005,0.178901155,4.521865371,1.799459753,0.397946335
0.613667491,0.425618656,8.478347925,0.519246281,0.061243804
2.600103381,1.680084663,9.102391826,1.260579781,0.138488851
4.274282894,1.17854787,7.965650352,0.969081467,0.121657545
0.984166076,1.4197066,7.675761239,1.095395916,0.14270844
2.0596358,0.20328203,4.373797619,1.050284123,0.240130938
1.778777887,1.837338472,6.941317083,1.138300612,0.163989139
3.312951325,1.240232141,9.824576443,1.646496414,0.167589557
3.735051448,1.773257931,1.095852708,1.357303056,1.238581651
4.872215213,1.113896691,1.564451216,1.347042628,0.861032044
1.526569521,0.937099147,1.89015108,0.690673614,0.365406565
4.107329146,0.584277869,5.499356175,1.284493415,0.233571599
0.588222497,1.766325836,5.140928432,1.969908209,0.383181411
3.0626371,1.76117811,3.173719748,0.676339092,0.213106117
1.181320588,0.21303841,2.80185355,1.802362831,0.643275174
3.968933428,1.87055443,1.726776974,0.604837176,0.350269424
4.897872664,1.09123327,8.089291672,0.964631436,0.119247948
1.033321584,1.022313362,4.737499376,1.873761553,0.395517003
1.217559495,0.486855043,2.350805816,1.936544666,0.823779086
3.869065962,0.492258763,6.991311779,0.829345191,0.118625119
2.521851032,1.886711524,6.237457595,0.721590133,0.115686579
3.332888683,0.450175181,1.746033056,0.820891569,0.470146637
2.868962367,1.366738134,5.130992892,0.823187934,0.160434433
1.491240463,1.791168145,3.713976198,0.875090895,0.235621029
4.534774921,0.327482725,6.986786732,0.991208542,0.141869014
1.96742424,1.668427577,5.951904303,1.467166442,0.246503702
4.303081499,1.230497991,3.978878559,0.817112864,0.205362605
3.315593954,0.599816856,9.780841571,0.742034171,0.075866086
4.075441113,1.856422882,5.196769436,1.420347659,0.27331358
2.347199873,1.941526624,6.87879941,1.65711488,0.240901759
2.368286781,0.383234347,5.448868978,1.773041583,0.325396259
3.550036691,0.947263635,5.473696249,0.734192212,0.134130974
3.640394407,0.488914421,7.096371491,0.686762487,0.096776569
3.17962179,1.568544725,6.21623323,1.525901231,0.245470396
2.422863193,0.625930516,9.802363467,1.947375926,0.198663917
3.776242878,1.477076879,6.804681267,0.628774582,0.092403238
2.875569019,1.717931211,2.889874332,1.740109342,0.602140142
1.428843063,1.003441692,3.699358241,1.017454828,0.275035496
4.675774717,0.157230367,7.480325756,1.064323568,0.142283051
3.146126709,0.7268987,8.784341843,1.782432178,0.202910156
2.966446759,0.182485968,5.802223544,1.737901708,0.299523397
3.048235568,0.516551206,3.910038934,0.597564962,0.152828392
2.182201603,0.591202002,3.34542925,1.208727881,0.361307261
0.926748996,0.219976324,8.348326143,0.602672269,0.072190791
1.839358534,1.596384349,5.107351556,1.865265948,0.365211975
2.978019948,0.915513323,4.591482165,0.594944905,0.129575785
3.722862739,1.467854995,7.67055434,1.534059795,0.199993342
1.671870813,0.118753051,4.150912139,1.844241133,0.4442978
3.84456217,0.65857397,2.659083437,0.74443434,0.279959
0.841055088,0.930259607,3.444577643,0.855658071,0.248407253
1.159472133,0.994566998,7.55729066,1.087099278,0.143847753
1.202074209,0.369025484,9.140639881,1.028626766,0.112533343
1.217576761,1.756566214,8.233411892,1.601232336,0.194479805
2.7147705,0.863499571,8.763409642,0.771254597,0.088008507
4.6650553,1.661868823,7.179201618,1.203741198,0.167670622
4.49572559,1.966481905,1.291019514,1.737159197,1.345571603
3.466930687,0.951730464,6.163475537,1.696873644,0.275311167
3.347411201,1.600437321,1.536033585,1.084108331,0.705784263
2.391053532,1.361737159,6.710236344,1.82795487,0.272412889
3.251783805,1.269162544,8.894455347,1.650294884,0.185541983
3.875409424,0.319681597,2.836805733,0.674390289,0.237728753
4.286569079,0.824990304,5.086412031,0.610831165,0.120090775
0.613242366,1.926117588,2.425550809,1.900463634,0.783518378
1.565442955,0.243552533,7.052999645,0.626491196,0.088826206
0.779754164,1.42082091,1.018530598,0.735285932,0.721908535
1.735476443,0.698935287,7.426324022,1.357679876,0.182819908
2.818369229,1.196926906,1.044484421,1.028352068,0.984554721
2.951306193,0.274921701,3.450914856,1.386092023,0.401659293
0.520822958,0.158426397,4.390364577,0.748272966,0.170435269
1.878011688,0.612951525,3.764886844,1.376032895,0.365491169
2.923333404,1.602274379,4.354470443,1.628013884,0.373871842
3.436606044,1.148684244,8.658278111,1.137872991,0.13142024
3.084802817,1.559682509,5.855630208,1.976405483,0.33752225
0.975133263,0.671909098,4.418684291,1.209073892,0.273627581
1.501559243,0.709410719,3.041658175,0.532636701,0.175113925
0.569630232,1.589314721,1.167823806,1.854090739,1.587645952
1.384721312,1.257165983,5.705839993,1.560095496,0.273420828
2.089383084,1.541899316,5.550181319,1.648661604,0.29704644
2.131393747,1.857533358,9.109892938,1.327572319,0.145728641
2.844612713,0.440146774,6.480309304,1.591940257,0.245658067
4.441736793,0.999311454,7.769924028,0.771572447,0.099302444
0.596010897,0.345615714,8.740470036,1.695063974,0.193932817
1.344164996,0.42530851,7.080115628,1.099841752,0.155342343
4.709870971,1.004846734,4.62012209,0.785035191,0.169916547
2.016796084,0.937863366,2.241853785,1.970508208,0.878963749
2.478425278,1.627299574,8.358985206,0.847291762,0.101362993
3.38566264,0.58983868,2.116962386,1.110586662,0.524613319
0.804616184,0.308544519,5.766005994,0.817252954,0.141736404
0.616853406,1.988827911,7.701767296,1.97335267,0.25622076
4.781218985,0.996054762,9.887820389,1.779381669,0.179956917
1.890846388,1.908298573,2.022838132,0.675910675,0.334139773
0.503129366,0.675997224,4.322631802,0.680511684,0.157429944
3.703605044,1.91927614,3.900593852,1.683475683,0.431594713
3.521686512,0.308267246,7.515662933,1.823903148,0.242680275
0.502219066,0.293692819,4.333456256,1.872033789,0.431995543
4.995449593,0.423938387,2.553555983,0.654605612,0.256350602
3.227664642,0.88259129,3.302044821,0.802527269,0.243039484
1.344601599,1.779167649,6.682724123,1.433639646,0.214529228
3.46220908,0.436460494,6.632638381,1.81468348,0.273599038
1.301913404,1.326590371,8.957099065,0.875774354,0.097774329
3.1379952,1.025058858,8.551776584,0.57751333,0.067531386
3.827626597,1.153580527,4.865251945,1.669583814,0.343164924
2.285002922,0.778735225,6.935252017,1.091257827,0.157349412
1.303148929,0.203160558,3.224091169,1.852720013,0.574648766
4.92099392,1.019807082,2.302746156,1.26749986,0.550429693
4.97087428,1.548880912,9.694213953,1.894820825,0.195458944
1.564207535,0.2852921,4.687968928,0.696758913,0.148627033
3.895550278,0.761395964,5.048053523,0.799003222,0.158279467
3.814330994,0.486398175,7.913443316,0.861920216,0.10891848
3.261800695,0.756966436,7.503686213,0.675834673,0.090067022
1.313547732,0.468342477,4.244935999,1.106590587,0.260684869
1.516010489,1.371208449,9.614915616,1.147497694,0.119345581
4.117163944,1.616559473,9.957169119,0.817706603,0.082122398
1.980584823,1.548449509,7.810835475,1.94191488,0.248618075
3.06451549,1.256161623,4.285829981,1.015321347,0.236901919
3.199945792,1.09869514,5.364698669,1.483475449,0.276525401
0.672133953,0.460853261,9.358707502,1.374469559,0.146865319
0.56934686,0.657983057,1.407341639,1.692097295,1.202335842
3.701146864,1.119086409,6.281151865,0.81642105,0.129979511
2.362617535,1.080059261,8.545013895,1.489865958,0.174355007
2.665292368,1.720252944,5.333753087,0.908443809,0.170319809
3.790380688,1.941991602,4.380603333,0.857900155,0.195840639
1.592171364,0.135984858,9.843878616,1.703929289,0.173095317
3.035683692,0.838775145,6.872755718,1.990562239,0.289630873
3.711946222,0.29449727,5.025599812,1.539192182,0.306270344
1.998301612,1.851322814,6.692418891,1.898278179,0.283646049
2.4166409,0.670930308,9.001258345,0.526060695,0.058443017
1.166248054,1.922408476,7.430225028,0.959700081,0.129161644
4.226432759,1.63499454,9.183295555,1.464219461,0.159443791
3.32908485,0.325095053,9.270751257,1.43597161,0.154892691
1.659132072,1.907476773,1.415851839,0.531390713,0.375315197
0.896225573,1.083901424,8.907974039,1.103268641,0.123851802
3.025954957,1.236496107,1.675457706,1.087235001,0.648918201
2.097433073,0.565099086,1.972254801,0.668433801,0.338918583
1.702420457,0.606145514,9.424731517,0.779265392,0.082683034
2.78345793,0.380429006,9.286300303,1.894191901,0.203977024
1.115381364,1.755981499,1.111195941,1.58305416,1.424639977
4.453633854,0.83614874,3.217874009,0.66758533,0.207461612
4.310515125,1.35335212,8.016959826,1.03784403,0.12945606
1.328609347,0.119341159,1.773233067,0.994200807,0.560671254
1.853735694,1.062485205,4.479447655,1.905944578,0.425486516
1.217935524,1.581448869,2.597160486,1.707940239,0.657618291
3.03072715,0.993142055,4.236504771,1.057661617,0.249654296
2.222926408,0.586982789,9.748341163,1.490846786,0.152933382
2.773789521,0.476239388,1.939457507,1.832620019,0.944913726
2.133319849,0.962055853,1.583142774,1.776143195,1.121909675
1.757448412,1.832647274,1.537931564,1.423949487,0.925886119
3.037744548,1.369712652,4.018986723,0.556691415,0.138515365
1.786033487,1.869373199,8.198665544,0.996612104,0.121557844
3.818387795,1.178135779,1.144573004,1.138271832,0.99449474
0.632202958,1.589935655,9.827333545,1.534916289,0.15618848
4.008584201,1.236159169,3.561485155,1.619382226,0.45469296
3.622434115,0.94079398,4.772154773,0.726157063,0.152165447
2.931314112,0.473084506,7.742644044,1.573490371,0.203223907
3.670236696,1.498945971,6.910184303,1.83664422,0.265788022
2.709857795,0.749376695,9.664378638,0.687416481,0.071128885
1.438755174,0.394443325,8.26844379,0.601049861,0.072692018
2.7077143,1.236994533,4.285181559,1.532838367,0.35770675
4.356082154,1.81121309,9.563459888,1.850070236,0.193451978
0.52941617,0.179671186,8.838029596,1.166600873,0.131997846
2.491432396,0.72813738,9.457057956,1.569261893,0.165935527
4.725081596,1.108816287,1.196226836,1.730586622,1.446704396
1.79373226,1.748021366,8.74189731,1.325948553,0.151677434
2.557573242,1.715046424,4.130005169,0.857691497,0.207673226
0.729220137,0.356421147,6.203200383,1.856554151,0.299289727
3.970248674,1.437871916,4.801699517,1.936784832,0.403354026
3.900151599,0.79540661,5.95552728,0.832144166,0.139726363
1.651751569,1.496981534,3.839907001,1.133607958,0.295217555
3.86798887,0.770869164,5.018126749,0.550902608,0.109782522
3.776065029,1.280614129,2.132152294,0.823183885,0.386081185
1.887697712,0.158808628,2.813095831,0.601144684,0.213695061
0.500685123,1.309215955,8.224785473,1.091507099,0.132709492
1.682311326,0.639273876,7.422798906,0.791217033,0.106592815
3.110361975,0.570197668,9.423161178,1.346835241,0.142928176
4.45824091,1.986084663,9.516276239,1.217564425,0.127945469
1.062474081,0.221896373,4.479983925,1.337368537,0.298520834
4.650931512,1.875186077,8.423307444,0.775373188,0.092050919
2.268986421,1.834286079,5.807532631,1.177192398,0.202700953
1.785184401,1.283270785,2.635952377,1.890718893,0.717281127
3.712881317,1.681498763,5.468343421,1.944825328,0.355651644
4.2949139,0.316405357,9.425613435,1.532546517,0.162593822
1.882003061,1.73524365,9.53612645,1.522761843,0.159683478
3.034377963,0.384950769,9.875892371,1.72253579,0.174418242
4.604989897,1.399535214,3.727277115,1.597696128,0.428649676
1.742946587,1.268953576,3.653669079,1.277413206,0.349624768
3.825157027,1.513640063,4.631134979,0.741392631,0.160088755
0.600804352,0.301169277,9.387991241,1.423324185,0.151611154
3.349778037,0.112705589,2.933791099,0.621504838,0.21184359
1.226591709,0.27442677,2.20719971,0.607694263,0.275323642
1.709812989,0.17612674,7.696720929,1.917249704,0.249099548
1.496122419,1.241074203,4.924839193,0.760340824,0.154388965
1.377022923,0.459329589,9.369024894,1.235815703,0.13190441
4.083459865,0.451118318,3.050060636,1.77471256,0.581861403
2.724291817,1.972903484,2.550039562,1.925154595,0.754950874
2.220507915,0.950503382,4.239021762,0.716700518,0.169072149
4.174875123,0.445251831,8.496755133,1.109443464,0.130572606
2.39652864,1.113182947,4.87285729,0.503631961,0.103354548
3.490967351,0.587897056,6.327310397,1.036774433,0.163857053
2.966241558,1.583308285,6.029923052,0.952538508,0.157968601
2.57276671,1.849744807,8.975629317,1.819210722,0.202683362
4.866543914,1.529379837,1.139889613,1.98851288,1.744478463
2.550934246,1.088946684,1.800037212,1.677656867,0.932012325
3.729622239,1.136262986,7.69722119,1.53098494,0.198900993
3.250820979,0.256448891,4.393022099,1.107454473,0.252093991
3.593200995,0.869527897,5.990200075,1.42739822,0.238288906
2.378577896,1.705269638,5.963589259,1.719724664,0.288370743
1.919277507,1.732789734,2.956285472,0.673033506,0.227661879
0.886421784,0.393801896,8.219620585,1.946708352,0.236836765
1.385564617,1.57829422,1.238345726,0.670818313,0.541705195
1.339801625,1.858270042,5.947389433,0.546759886,0.091932753
4.444499465,1.905403424,5.345207526,1.149352077,0.215024781
3.289134604,0.537486787,7.304936304,1.971488754,0.269884455
1.235818391,1.298490756,6.776121185,1.454790811,0.214693742
4.942466454,0.835136531,3.355520618,1.186712955,0.353659861
1.014684089,0.780399226,8.068141036,0.957673264,0.118698131
3.788032998,1.325647918,8.554290082,1.280915395,0.149739532
2.216341188,1.276565975,6.442841953,1.303332003,0.202291475
3.78550241,0.814995241,2.095676919,1.050383478,0.501214414
4.148508718,1.80563753,4.120428375,0.523854488,0.127135929
0.629525055,1.714320318,9.456031264,1.644058654,0.173863496
4.84611192,1.036163396,5.994488397,1.478355764,0.246619172
4.87908076,1.817086344,1.225402601,1.361484532,1.111050794
3.782190881,0.388173577,1.44534182,1.302408027,0.901107274
0.679406125,1.049961519,2.893009821,1.2139861,0.419627369
3.443222184,0.193048305,8.724820116,0.5592624,0.064100164
3.382496709,1.06222563,6.194043208,1.818581996,0.293601761
1.329590515,0.482768944,2.18764408,1.733310147,0.792318167
3.809043506,1.797626376,2.437163924,1.133437968,0.465064314
3.330084789,1.233884491,3.661655217,1.673036027,0.456907035
2.217975054,1.971065265,2.846151819,1.669625442,0.586625573
4.302589108,0.976441744,7.112129109,1.695732321,0.238428225
1.560086641,1.529236465,9.280559514,1.9919576,0.214637662
4.473333828,1.05646362,1.052921864,0.522629578,0.496361217
0.931715762,1.595224364,5.982333337,1.579278704,0.263990422
1.528153167,0.124114606,2.082014646,1.449467371,0.696185002
0.568448594,1.886505022,9.996092219,1.067327867,0.106774512
4.528426231,1.221095088,8.515501012,1.223518841,0.143681369
0.767484695,0.974638917,3.868394733,1.865240673,0.482174339
4.540375122,1.337219368,3.214478104,0.851036816,0.264751163
2.967957477,0.846364382,7.793153051,1.088859125,0.139719972
1.694392421,0.759093328,9.408363789,1.06077983,0.112748598
2.671369063,0.552607748,5.781241532,0.815182616,0.141004767
1.828431782,1.110773309,5.568258708,1.24868076,0.224249775
4.601738833,1.487652475,9.097409629,1.707387246,0.187678396
2.515703911,0.546510901,1.604113514,0.92629814,0.57745174
2.442820676,0.964736251,9.814166905,1.890358468,0.192615276
3.189081826,1.208991727,2.017648507,1.098799559,0.544594143
4.742956659,0.507216856,2.534071436,1.020326936,0.40264332
3.29085167,0.927897042,4.742452638,0.927794402,0.195635987
4.572902721,1.397277902,1.93836755,0.625217745,0.322548603
0.560272946,1.845646996,4.308156335,1.133037476,0.262998227
3.090693093,0.453443804,1.200037216,1.487000838,1.239128936
2.563922118,0.479978743,2.768675738,1.540361185,0.556353048
3.863377177,1.132335141,5.732706573,1.110071625,0.193638312
3.006375417,1.488198708,3.641606594,1.67683268,0.460465082
0.841184957,0.99619288,4.592404995,1.866667577,0.406468414
2.426100121,1.895659865,4.640763558,0.863744997,0.186121311
4.426786452,1.038577759,4.812164636,1.328549692,0.276081513
1.618560443,0.588601905,2.887618827,1.370934993,0.474763144
4.258178925,1.720053995,6.79507375,1.977511648,0.291021366
4.905418703,1.396989695,8.069299723,1.023196856,0.126801196
4.01231612,0.188154943,4.175493758,1.035496737,0.247993842
1.083807673,1.966267928,4.741784594,1.109727899,0.234031698
4.02210829,0.923087745,6.186503202,1.475702498,0.238535801
0.648548553,0.867622205,9.630498134,1.393279684,0.144673688
4.698853012,1.880377523,7.801652189,1.308371278,0.167704384
4.209310992,0.120419009,7.718670652,0.654552157,0.084801151
0.717848528,0.452813126,5.255557386,0.514453436,0.097887512
4.361812194,0.9996301,2.349412752,0.868181968,0.369531479
0.755560146,0.489965116,5.189402253,1.191462767,0.229595377
2.079752336,0.937905267,3.964663307,1.3581459,0.342562734
4.965589824,1.463916567,4.248959945,1.359092797,0.319864817
2.211505773,0.806958205,4.818471797,1.614690336,0.335104241
2.120362187,1.29032958,8.675827282,0.680037127,0.078382972
1.284541975,1.906192815,9.79751327,0.878007313,0.089615323
1.780792099,1.692744012,8.218906666,1.054941988,0.128355514
2.132649414,0.616308433,3.335223761,1.991591565,0.597138815
0.708184947,1.385032933,5.515161829,0.669932007,0.121470961
2.575915975,1.465397967,9.645425263,1.293350161,0.134089491
4.709375146,1.980215199,5.191442868,1.045694695,0.201426602
0.906511361,1.70398714,4.723354576,1.636037669,0.346371978
2.993150263,1.004856512,3.399314171,0.70291621,0.206781772
0.849653521,1.708527551,4.033386709,1.510990713,0.374620839
0.969947387,1.215995155,2.033226294,0.874018021,0.429867557
2.363777238,1.459386808,8.827035225,1.723141857,0.195211848
1.54602152,0.758036941,9.645511276,0.9519692,0.098695567
1.193883221,1.514429329,3.546053373,0.993259151,0.280102708
0.505993547,1.171435655,4.997202998,0.742044459,0.148491958
3.665579329,1.133659056,3.291577489,1.089666269,0.331046823
1.600785898,1.207109079,1.474691256,1.403439012,0.951683281
0.67986864,1.738579344,4.087988752,0.6683502,0.163491203
3.170419607,1.297145813,8.032423858,1.604771193,0.199786667
4.062187173,1.332551541,9.207174884,1.409114141,0.153045224
3.814005166,1.455177898,7.209884742,1.879804807,0.260726055
4.862956697,0.724959535,1.853341616,1.709799086,0.922549341
3.572306608,0.429169252,5.329089532,1.909007744,0.358223995
1.121325589,1.353342544,2.746353288,1.439725966,0.524231887
3.2933078,0.937856646,6.930526001,1.170728322,0.168923444
4.332219796,1.443917818,4.856914821,1.430295511,0.294486431
3.385365396,1.786725217,9.94244022,1.592530704,0.160175034
2.776202496,0.192965057,1.973967731,1.787444474,0.905508457
4.621750187,1.376153702,5.161020155,1.942084594,0.376298587
0.859627592,0.833235609,1.14792589,1.387860725,1.209015962
3.057063378,0.123314312,6.30824779,1.040324798,0.164915018
0.614456019,1.959301546,2.189746725,1.325864847,0.605487764
4.385471394,1.396827309,1.314722771,1.160296814,0.882541049
2.47922207,1.555612271,9.998553574,0.886198983,0.088632718
4.486164444,0.194470985,3.984901933,1.594330527,0.400092789
2.744157982,1.13865323,3.021754252,0.684471,0.226514449
2.683453956,1.760680354,6.772827256,1.172355897,0.173096973
1.117146892,0.368202599,9.843362089,1.957826389,0.198898138
2.430016464,1.536473169,6.027315845,1.634981591,0.271261973
4.891640419,0.179560693,4.159031495,1.214971944,0.292128575
1.287208991,0.776218633,8.996225201,0.603729574,0.067109211
0.917363455,0.491027944,6.536790818,0.910148076,0.139234695
3.865034175,0.680880028,7.888999247,0.879328597,0.111462629
3.519571889,0.350636805,9.482035578,1.166874775,0.123061632
2.110979025,0.42262182,5.491666588,1.178249301,0.214552228
0.797971911,1.786975182,9.170057133,1.673981493,0.182548644
2.623746016,1.612670377,8.880826496,1.508377343,0.169846505
0.816722311,0.33649662,4.82829565,1.673998653,0.346705913
3.151159453,0.997058222,1.304096242,0.770110303,0.590531802
4.693188465,1.222451617,5.557019567,0.827658285,0.148939243
4.784229662,0.788293076,5.126920792,1.746215207,0.340597266
4.057992632,0.937943193,6.616304144,1.933262384,0.292196722
3.485653963,0.606332792,7.508393562,1.34161683,0.178682273
4.878413003,0.671658025,5.473184485,0.925931163,0.169175946
0.833936022,0.311654656,1.677762424,1.994288041,1.188659379
3.19818956,1.599039225,8.751417757,1.740602399,0.198893762
4.716156794,0.168121575,2.257397081,1.588163121,0.703537333
4.424423761,0.810796216,2.945687655,1.364015149,0.463054916
0.615410398,0.182659357,9.401043556,1.102477892,0.117271863
4.032143457,0.56099428,6.476884525,1.839775864,0.284052596
3.332389376,1.855879056,9.962241145,0.725134809,0.072788321
0.611586049,1.831401786,2.331977126,0.634914586,0.2722645
3.720621196,0.432527377,2.437494312,1.218398216,0.499856845
4.769292432,1.508033269,7.051001159,0.605517872,0.085876865
1.877474684,1.879982805,8.712433033,1.836271071,0.21076444
3.148641135,0.408914022,2.584406078,1.621345422,0.627357069
4.753786172,1.350161599,5.894487793,1.396479632,0.236912804
1.555713014,1.65755869,8.0964598,1.38358942,0.170888197
2.463169002,1.144504913,4.176718353,1.99368679,0.477333308
2.1423362,1.935731534,1.222667857,1.666758671,1.363214599
2.480819537,1.297949864,3.826222266,1.882722927,0.492057909
1.504960792,0.811523917,3.773299441,0.556733711,0.147545595
3.223263535,1.688142302,6.294270095,1.045182193,0.166052962
1.129483326,0.321414071,9.830956907,1.312538524,0.13351076
0.889294588,0.586582833,2.887975098,0.971914705,0.336538465
4.566882182,1.089322984,2.46012409,0.715418311,0.290805783
0.78823884,1.723826371,9.77011107,1.893537655,0.193809225
2.342840996,1.813061318,5.360475059,1.20451076,0.224702241
1.255226895,0.257431099,6.698451295,0.966468376,0.144282362
2.598593156,0.501031901,1.013011477,1.696416898,1.67462752
2.156213417,0.128761387,7.434806198,0.827868143,0.111350333
3.599227713,0.56741372,3.394763691,0.698106236,0.205642071
2.048946509,1.533340969,9.00314782,1.565654565,0.173900795
1.609137614,0.957639762,9.381018469,1.42350137,0.151742732
1.662304912,1.299096031,7.259789748,1.105489817,0.152275735
1.370668358,0.683441027,7.23659062,1.445539348,0.199754197
1.62420795,0.182501834,5.783063083,0.764302172,0.132162171
2.848559169,1.755436058,6.522515435,0.907148182,0.1390795
4.345428246,0.399174265,3.334767743,1.505870721,0.451566897
1.516808268,1.669336406,3.916866541,1.232579864,0.314685183
3.93675689,1.501583454,6.724233516,0.873711409,0.129934721
3.804425725,0.745059762,3.724910546,0.690712983,0.185430757
0.545631344,1.857364676,9.190055761,1.073221868,0.116780779
3.656264296,1.377449665,2.149067171,0.801453558,0.372930902
4.562719446,1.794488986,4.399135614,0.875289352,0.198968486
3.212156661,1.288356036,1.177146005,1.729598904,1.469315527
2.830750571,1.827925064,2.067624706,1.919223562,0.928226267
4.67170168,0.280129521,4.737316502,0.984293475,0.20777448
4.308141017,1.901105607,7.562985197,1.525774587,0.201742374
3.386353575,0.700176941,7.589320961,0.736472614,0.097040647
3.920318111,0.274628816,9.708885928,1.413449523,0.145583081
4.527285981,0.468878408,9.892521478,0.861972292,0.08713373
1.505394301,0.863796089,8.02815729,1.758818019,0.219081161
2.342748986,0.864561012,7.945750299,0.873687029,0.109956517
4.395834791,1.396153527,9.796536824,0.778285858,0.079444999
1.472822422,0.694551531,7.76810834,1.05160491,0.135374645
3.220052016,0.828526294,5.954390463,1.078163633,0.181070361
3.49445765,0.127956911,8.318120219,1.024783962,0.123198984
3.719819864,1.921898227,5.566754086,1.49925233,0.269322536
2.432594455,1.714047233,6.888100396,1.256386621,0.18239958
2.158322268,1.401973915,1.892867637,0.571470255,0.30190714
4.412011617,1.338547995,6.494128311,1.132918558,0.174452752
2.766683187,0.411867754,1.838549166,1.527987297,0.831083185
1.142020841,1.104552141,1.03215496,1.137586686,1.102147188
1.509534073,1.353890051,5.527917067,1.40008586,0.253275482
1.400781465,0.361061936,1.214101258,1.909314047,1.572615163
3.629755957,1.153043048,3.658728602,0.563947621,0.154137593
4.341920938,1.233695992,1.166741017,1.899786443,1.628284611
0.544047459,1.317815525,8.098168452,1.289754416,0.159264953
1.810617878,1.293824228,4.829218044,1.319555545,0.273244143
1.358586875,1.51452879,2.915705974,0.650183684,0.22299357
4.533732438,1.662440253,8.94505375,0.632186443,0.070674415
3.650844415,0.423426025,8.497398439,1.592085627,0.187361536
3.991518568,1.550640978,1.51389519,1.414771582,0.934524128
4.543123102,1.080648377,5.555543843,0.883424835,0.159016805
4.872214107,1.204135453,9.715477729,0.562157559,0.05786206
